group_type,group,year,sites
switzerland,CH,2016,119
switzerland,CH,2017,38
switzerland,CH,2018,60
switzerland,CH,2019,67
switzerland,CH,2020,83
switzerland,CH,2021,105
switzerland,CH,2022,141
switzerland,CH,2023,181
switzerland,CH,2024,287
switzerland,CH,2025,458
switzerland,CH,2026,2403
region,Romandie,2016,27
region,Romandie,2017,10
region,Romandie,2018,13
region,Romandie,2019,17
region,Romandie,2020,18
region,Romandie,2021,26
region,Romandie,2022,39
region,Romandie,2023,40
region,Romandie,2024,60
region,Romandie,2025,123
region,Romandie,2026,555
region,Suisse alémanique,2016,80
region,Suisse alémanique,2017,26
region,Suisse alémanique,2018,42
region,Suisse alémanique,2019,46
region,Suisse alémanique,2020,57
region,Suisse alémanique,2021,74
region,Suisse alémanique,2022,95
region,Suisse alémanique,2023,130
region,Suisse alémanique,2024,210
region,Suisse alémanique,2025,326
region,Suisse alémanique,2026,1739
region,Tessin,2016,12
region,Tessin,2017,2
region,Tessin,2018,5
region,Tessin,2019,4
region,Tessin,2020,8
region,Tessin,2021,5
region,Tessin,2022,7
region,Tessin,2023,11
region,Tessin,2024,17
region,Tessin,2025,9
region,Tessin,2026,109
canton,AG,2016,9
canton,AG,2017,3
canton,AG,2018,3
canton,AG,2019,5
canton,AG,2020,4
canton,AG,2021,9
canton,AG,2022,9
canton,AG,2023,10
canton,AG,2024,21
canton,AG,2025,22
canton,AG,2026,162
canton,AI,2021,1
canton,AI,2026,4
canton,AR,2016,1
canton,AR,2018,1
canton,AR,2020,1
canton,AR,2023,1
canton,AR,2024,1
canton,AR,2025,1
canton,AR,2026,13
canton,BE,2016,10
canton,BE,2017,5
canton,BE,2018,1
canton,BE,2019,5
canton,BE,2020,5
canton,BE,2021,9
canton,BE,2022,12
canton,BE,2023,16
canton,BE,2024,20
canton,BE,2025,54
canton,BE,2026,195
canton,BL,2016,2
canton,BL,2017,1
canton,BL,2018,3
canton,BL,2019,2
canton,BL,2020,1
canton,BL,2021,3
canton,BL,2022,2
canton,BL,2023,3
canton,BL,2024,8
canton,BL,2025,15
canton,BL,2026,62
canton,BS,2016,1
canton,BS,2017,2
canton,BS,2019,1
canton,BS,2021,1
canton,BS,2022,2
canton,BS,2023,3
canton,BS,2024,6
canton,BS,2025,5
canton,BS,2026,61
canton,FR,2016,5
canton,FR,2017,1
canton,FR,2018,2
canton,FR,2019,3
canton,FR,2020,1
canton,FR,2021,2
canton,FR,2022,5
canton,FR,2023,2
canton,FR,2024,8
canton,FR,2025,23
canton,FR,2026,71
canton,GE,2016,2
canton,GE,2017,4
canton,GE,2019,5
canton,GE,2020,5
canton,GE,2021,8
canton,GE,2022,10
canton,GE,2023,13
canton,GE,2024,18
canton,GE,2025,38
canton,GE,2026,157
canton,GL,2016,1
canton,GL,2022,1
canton,GL,2024,2
canton,GL,2025,2
canton,GL,2026,5
canton,GR,2016,2
canton,GR,2018,1
canton,GR,2019,2
canton,GR,2020,2
canton,GR,2021,2
canton,GR,2022,3
canton,GR,2023,3
canton,GR,2024,8
canton,GR,2025,8
canton,GR,2026,61
canton,JU,2016,1
canton,JU,2020,1
canton,JU,2022,2
canton,JU,2024,1
canton,JU,2025,3
canton,JU,2026,25
canton,LU,2016,3
canton,LU,2017,1
canton,LU,2018,7
canton,LU,2019,2
canton,LU,2020,7
canton,LU,2021,1
canton,LU,2022,5
canton,LU,2023,11
canton,LU,2024,21
canton,LU,2025,27
canton,LU,2026,118
canton,NE,2016,3
canton,NE,2019,2
canton,NE,2020,3
canton,NE,2021,3
canton,NE,2022,1
canton,NE,2023,2
canton,NE,2024,2
canton,NE,2025,6
canton,NE,2026,42
canton,NW,2017,1
canton,NW,2019,1
canton,NW,2020,1
canton,NW,2022,1
canton,NW,2023,2
canton,NW,2024,1
canton,NW,2025,3
canton,NW,2026,15
canton,OW,2022,2
canton,OW,2024,1
canton,OW,2025,2
canton,OW,2026,19
canton,SG,2016,4
canton,SG,2017,1
canton,SG,2018,2
canton,SG,2019,2
canton,SG,2020,8
canton,SG,2021,9
canton,SG,2022,7
canton,SG,2023,11
canton,SG,2024,18
canton,SG,2025,22
canton,SG,2026,115
canton,SH,2018,1
canton,SH,2020,2
canton,SH,2021,2
canton,SH,2022,1
canton,SH,2023,3
canton,SH,2024,1
canton,SH,2025,3
canton,SH,2026,27
canton,SO,2016,4
canton,SO,2017,2
canton,SO,2019,2
canton,SO,2020,2
canton,SO,2021,3
canton,SO,2022,2
canton,SO,2023,7
canton,SO,2024,9
canton,SO,2025,13
canton,SO,2026,62
canton,SZ,2016,2
canton,SZ,2017,1
canton,SZ,2018,2
canton,SZ,2019,2
canton,SZ,2020,5
canton,SZ,2021,2
canton,SZ,2022,6
canton,SZ,2023,6
canton,SZ,2024,13
canton,SZ,2025,19
canton,SZ,2026,67
canton,TG,2016,3
canton,TG,2019,1
canton,TG,2020,2
canton,TG,2021,7
canton,TG,2022,4
canton,TG,2023,8
canton,TG,2024,8
canton,TG,2025,13
canton,TG,2026,65
canton,TI,2016,12
canton,TI,2017,2
canton,TI,2018,5
canton,TI,2019,4
canton,TI,2020,8
canton,TI,2021,5
canton,TI,2022,7
canton,TI,2023,11
canton,TI,2024,17
canton,TI,2025,9
canton,TI,2026,109
canton,UR,2018,1
canton,UR,2022,1
canton,UR,2023,1
canton,UR,2024,1
canton,UR,2025,1
canton,UR,2026,6
canton,VD,2016,11
canton,VD,2017,4
canton,VD,2018,8
canton,VD,2019,2
canton,VD,2020,4
canton,VD,2021,10
canton,VD,2022,13
canton,VD,2023,14
canton,VD,2024,24
canton,VD,2025,35
canton,VD,2026,183
canton,VS,2016,5
canton,VS,2017,1
canton,VS,2018,3
canton,VS,2019,5
canton,VS,2020,4
canton,VS,2021,3
canton,VS,2022,8
canton,VS,2023,9
canton,VS,2024,7
canton,VS,2025,18
canton,VS,2026,77
canton,ZG,2016,10
canton,ZG,2017,2
canton,ZG,2018,8
canton,ZG,2019,9
canton,ZG,2020,1
canton,ZG,2021,4
canton,ZG,2022,6
canton,ZG,2023,9
canton,ZG,2024,15
canton,ZG,2025,35
canton,ZG,2026,138
canton,ZH,2016,28
canton,ZH,2017,7
canton,ZH,2018,12
canton,ZH,2019,12
canton,ZH,2020,16
canton,ZH,2021,21
canton,ZH,2022,31
canton,ZH,2023,36
canton,ZH,2024,56
canton,ZH,2025,81
canton,ZH,2026,544
