canton,sites,https_pct,mobile_viewport_pct,html_reception_median_s,html_over_2_5s_pct,html_over_5s_pct,html_median_kb,structured_data_jsonld_pct,meta_description_pct,title_12_chars_plus_pct,sitemap_xml_pct,sitemap_xml_base,robots_txt_pct,robots_txt_base,llms_txt_pct,llms_txt_base,privacy_page_found_pct,privacy_page_base,wordpress_pct,wordpress_version_readable_count,wordpress_outdated_pct_of_readable,copyright_year_shown_pct,copyright_2y_plus_old_pct_of_shown,copyright_5y_plus_old_pct_of_shown
AG,663,94.7,89.9,0.18,2.4,0.6,72.7,42.8,62.0,87.8,74.2,662,78.3,663,16.0,658,59.0,610,32.1,146,13.7,38.8,28.4,12.8
AI,33,87.9,81.8,0.15,0.0,0.0,26.6,30.3,45.5,87.9,66.7,33,69.7,33,6.1,33,51.6,31,18.2,6,0.0,15.2,20.0,20.0
AR,67,94.0,89.6,0.13,4.5,0.0,58.9,32.8,53.7,86.6,71.6,67,82.1,67,10.4,67,49.2,61,37.3,20,10.0,28.4,26.3,15.8
BE,900,94.7,91.9,0.17,2.9,0.8,78.9,40.3,59.8,87.8,72.3,898,78.6,899,14.2,894,58.8,811,34.0,221,10.0,36.9,25.0,10.5
BL,268,93.3,88.1,0.17,2.6,0.4,71.75,42.2,58.6,90.3,70.4,267,76.8,267,15.1,265,58.8,243,37.3,81,11.1,38.1,24.5,11.8
BS,215,93.5,93.0,0.16,0.5,0.0,87.8,46.0,58.6,86.0,76.1,213,79.3,213,16.5,212,54.5,198,36.3,58,15.5,38.1,19.5,6.1
FR,297,94.3,93.9,0.2,2.7,1.0,108.5,45.8,60.9,89.2,76.7,296,86.1,296,20.8,293,50.2,267,40.7,80,16.2,41.4,23.6,11.4
GE,609,92.9,92.9,0.2,3.6,0.8,113.9,56.2,63.7,91.0,78.8,608,88.2,609,19.9,608,44.4,547,42.5,175,18.3,42.7,25.0,9.2
GL,36,97.2,88.9,0.21,0.0,0.0,56.7,47.2,61.1,86.1,75.0,36,80.6,36,8.3,36,50.0,34,36.1,9,0.0,30.6,36.4,9.1
GR,263,93.5,89.4,0.14,1.9,0.4,66.7,52.1,68.4,87.1,71.6,261,79.1,263,17.2,256,59.9,242,31.9,52,13.5,35.0,25.0,9.8
JU,65,92.3,93.8,0.25,1.5,0.0,75.3,44.6,67.7,86.2,76.9,65,83.1,65,10.8,65,42.6,61,41.5,23,8.7,50.8,15.2,6.1
LU,534,94.4,92.1,0.2,1.1,0.2,80.05,46.1,64.2,89.0,74.4,531,78.5,534,13.9,524,61.4,479,37.3,146,12.3,38.0,28.6,10.3
NE,148,93.9,92.6,0.17,2.0,0.0,84.95,45.3,64.2,89.9,70.9,148,85.1,148,18.2,148,47.1,136,39.9,38,10.5,43.2,25.0,17.2
NW,74,93.2,87.8,0.27,2.7,1.4,65.95,41.9,56.8,91.9,71.6,74,78.4,74,17.6,74,61.4,70,36.5,20,0.0,33.8,28.0,12.0
OW,57,94.7,82.5,0.27,5.3,0.0,59.7,50.9,57.9,87.7,73.7,57,80.7,57,12.3,57,60.4,53,38.6,16,0.0,42.1,12.5,0.0
SG,564,95.6,90.6,0.17,2.0,0.5,76.6,47.0,64.5,91.5,75.9,560,81.0,563,17.9,558,58.7,523,36.7,149,6.7,35.3,31.2,13.1
SH,94,94.7,92.6,0.23,1.1,1.1,96.05,46.8,56.4,83.0,69.9,93,82.8,93,10.8,93,65.1,86,43.6,28,3.6,42.6,25.0,12.5
SO,272,95.2,91.2,0.16,1.8,0.7,77.95,41.2,61.8,87.5,71.0,272,75.7,272,17.6,272,57.9,247,33.1,65,10.8,39.0,29.2,12.3
SZ,329,93.9,90.3,0.16,1.5,0.0,74.1,41.3,61.4,88.1,73.3,329,78.4,329,16.2,327,58.0,305,37.1,76,9.2,38.0,31.2,11.2
TG,310,96.5,91.0,0.16,2.6,0.3,66.85,44.5,63.9,89.0,76.5,310,83.9,310,13.4,306,63.2,288,36.5,78,12.8,35.8,29.7,11.7
TI,440,94.5,88.9,0.23,4.3,0.7,85.7,44.5,54.3,87.3,68.0,438,77.0,439,14.3,433,42.7,412,42.5,141,19.9,43.0,37.6,19.0
UR,33,97.0,93.9,0.14,0.0,0.0,51.9,42.4,66.7,84.8,69.7,33,75.8,33,21.2,33,67.9,28,18.2,5,20.0,33.3,36.4,9.1
VD,771,96.2,92.9,0.18,2.5,0.9,102.4,49.8,63.9,90.4,78.4,769,87.3,769,17.5,764,45.1,709,42.5,219,16.9,39.9,29.2,12.7
VS,373,94.9,90.9,0.18,2.9,0.8,85.2,44.0,63.3,87.7,75.9,373,85.3,373,18.1,370,45.5,345,35.4,90,11.1,37.5,32.1,15.0
ZG,538,92.9,88.8,0.16,2.6,0.9,70.9,43.3,55.6,87.0,68.7,537,72.2,536,18.4,528,55.5,501,30.5,111,9.9,44.1,27.0,14.3
ZH,2017,94.1,91.2,0.19,2.0,0.3,86.0,47.2,62.4,88.0,72.3,2012,79.6,2016,18.8,1995,59.4,1859,33.9,453,9.3,41.8,25.9,11.4
