canton,companies,with_proven_site_pct,uncertain_pct,no_address_pct,robots_refusal_pct
AG,2615,25.5,30.7,43.8,1.7
AI,127,26.0,29.9,44.1,3.9
AR,278,24.1,33.1,42.8,2.9
BE,3644,24.8,30.6,44.6,2.4
BL,1156,23.2,33.8,43.0,2.8
BS,914,23.5,31.8,44.6,2.0
FR,1434,20.7,33.0,46.3,3.1
GE,2967,20.6,33.6,45.8,3.3
GL,194,18.6,27.3,54.1,1.0
GR,1094,24.0,29.5,46.4,2.2
JU,359,18.1,29.2,52.6,3.3
LU,1977,27.1,30.1,42.7,1.9
NE,709,20.9,35.3,43.9,2.5
NW,297,24.9,39.1,36.0,2.4
OW,240,23.8,38.3,37.9,2.5
SG,2477,22.9,30.0,47.2,1.9
SH,373,25.5,30.8,43.7,0.5
SO,1008,27.0,26.3,46.7,2.0
SZ,1246,26.6,32.7,40.7,2.3
TG,1291,24.0,32.0,44.0,2.2
TI,2208,20.0,35.1,44.9,2.5
UR,133,24.8,37.6,37.6,1.5
VD,3728,20.7,31.3,48.0,2.8
VS,1909,19.6,33.5,46.9,2.4
ZG,2057,26.3,39.4,34.3,3.0
ZH,7406,27.4,30.0,42.6,2.1
